"Category (S)","Title (S)","ShortTitle (S)","ProductID (S)","Weight (N)","Price (N)","Discounted Price (N)","Image (S)","Description (S)","Catalog Weight (S)"
"Category 1","Robin Liquid bleach 500ml","Robin Liquid bleach 500ml","6001106309985","","158.12","","","",""
"Category 1","surf excel matic tl 500g","surf excel matic tl 500g","8961014008081","","133.3","","","",""
"Category 1","cmfrt fb sftnr blu200ml","cmfrt fb sftnr blu200ml","8934868058441","","131.27","","","",""
"Category 1","cmftr fb sftnr pnk 200ml","cmftr fb sftnr pnk 200ml","8934868058472","","131.27","","","",""
"Category 1","softlan pink fs 500ml","softlan pink fs 500ml","8886950018058","","128.21","","","",""
"Category 1","robin liquid neel 75ml","robin liquid neel 75ml","6001106309718","","55.56","","","",""
"Category 1","bonus tristar cp tl 475g","bonus tristar cp tl 475g","8886950013213","","41.73","","","",""
"Category 1","surf excel top load 500g","surf excel top load 500g","8961014236453","","113.93","","","",""
"Category 1","sunlight tp pink 450g","sunlight tp pink 450g","8961014236125","","51.28","","","",""
"Category 1","sunlight tp green 450g","sunlight tp green 450g","8961014009965","","51.28","","","",""
"Category 1","sunlight tp rose 450g","sunlight tp rose 450g","8961014236149","","51.28","","","",""
"Category 1","","","8964000639658","","","","","",""
"Category 1","","","718122103614","","","","","",""
"Category 1","ariel top load 500g","ariel top load 500g","5410076493272","","117.2","","","",""
"Category 1","comfrt fab sft M fresh 400ml","comfrt fab sft M fresh 400ml","8934868122845","","192.53","","","",""
"Category 1","cmftrt fab sft lil frsh 400ml","cmftrt fab sft lil frsh 400ml","8934868122838","","192.53","","","",""
"Category 1","Astonish stain rmvr bar 750g","Astonish stain rmvr bar 750g","5060060211636","","190.92","","","",""
"Category 1","brite tl machne wsh 500g","brite tl machne wsh 500g","8886950011530","","137.3","","","",""
"Category 1","brite tl ant bctria 500g","brite tl ant bctria 500g","8886950011318","","123.93","","","",""
"Category 1","express power det 400g","express power det 400g","8886950012070","","57.1","","","",""
"Category 1","chamak weel 100ml","chamak weel 100ml","718122103613","","24.79","","","",""
"Category 1","softlan pink pouch 600ml","softlan pink pouch 600ml","8886950018089","","82.61","","","",""
"Category 1","ok laundary soap 200g x4","ok laundary soap 200g x4","8964001107750","","89.75","","","",""
"Category 1","ok laundary soap single","ok laundary soap single","8964001107767","","17.1","","","",""
"Category 1","gai soap reg 375g x2","gai soap reg 375g x2","8964000100059","","23.51","","","",""
"Category 1","hangers plastic grey x6","hangers plastic grey x6","21051838","","28.35","","","",""
"Category 1","hangers steel x6","hangers steel x6","21499708","","85.33","","","",""
"Category 1","hangers plastic right x6","hangers plastic right x6","8697542224227","","49.72","","","",""
"Category 1","hange rs baby plastic x6","hange rs baby plastic x6","8694000639658","","24.07","","","",""
"Category 1","hangers plastic premid x6","hangers plastic premid x6","8964000639689","","49.72","","","",""
"Category 1","cloth hanger clip","cloth hanger clip","22705709","","127.35","","","",""
"Category 1","baby hanger plastic","baby hanger plastic","22705754","","298.29","","","",""
"Category 1","plastic hanger 3pcs","plastic hanger 3pcs","22705792","","341.03","","","",""
"Category 1","zyb-23 hangers 5pcs","zyb-23 hangers 5pcs","22870889","","426.5","","","",""
"Category 2","Metro Carry Bag 18*22","Metro Carry Bag 18*22","223360","","0.85","","","",""
"Category 2","Rite Biscuit Half Roll x6","Rite Biscuit Half Roll x6","870572005884","","89","","","",""
"Category 2","Rio Vanilla Half Roll x6","Rio Vanilla Half Roll x6","8964000681169","","100.02","","","",""
"Category 2","Choco Chip Half Roll Box","Choco Chip Half Roll Box","870572009516","","89","","","",""
"Category 2","Tiger Ticky Pack Box","Tiger Ticky Pack Box","8961003031526","","109","","","",""
"Category 2","Jam Heart Van Half Roll Box","Jam Heart Van Half Roll Box","671866129800","","88","","","",""
"Category 2","Jam Heart Choc Half Roll Box","Jam Heart Choc Half Roll Box","671866129824","","88","","","",""
"Category 2","Bravo Mini Snack Box","Bravo Mini Snack Box","671866129923","","59","","","",""
"Category 2","Zeera Plus Family Pack","Zeera Plus Family Pack","8961003011016","","39","","","",""
"Category 2","Jam Heart S&V Ticky Pack Box","Jam Heart S&V Ticky Pack Box","671866129831","","118","","","",""
"Category 2","LU Oreo Snack Pack Box","LU Oreo Snack Pack Box","8961003036019","","109","","","",""
"Category 2","Bakeri Bistik Mini Snack Box","Bakeri Bistik Mini Snack Box","8961003031724","","119","","","",""
"Category 2","Bakeri Butter Mini Snack Box","Bakeri Butter Mini Snack Box","8961003564123","","119","","","",""
"Category 2","Choclatto Half Roll Box","Choclatto Half Roll Box","870572001725","","109","","","",""
"Category 2","Gala Egg Half Roll Box","Gala Egg Half Roll Box","8961003030529","","102","","","",""
"Category 2","Zeera Plus Half Roll Box","Zeera Plus Half Roll Box","8961003031021","","99","","","",""
"Category 2","Bakeri Coconut Half Roll Box","Bakeri Coconut Half Roll Box","8961003031731","","91.98","","","",""
"Category 2","Nan Khatai Half Roll Box","Nan Khatai Half Roll Box","8961003031793","","102","","","",""
"Category 2","Prince Choc Half Roll Box","Prince Choc Half Roll Box","8961003030116","","102","","","",""
"Category 2","Lu Tuc Half Roll Box","Lu Tuc Half Roll Box","8961003030215","","99","","","",""
"Category 2","Milkabisk Half Roll Box","Milkabisk Half Roll Box","8964000784549","","76.92","","","",""
"Category 2","Choco Chip Mini Snack Box","Choco Chip Mini Snack Box","8964000474204","","101.71","","","",""
"Category 2","Jam Delight Half Roll Box","Jam Delight Half Roll Box","8964000685907","","100.98","","","",""
"Category 2","Whistlez Suji Half Roll x6","Whistlez Suji Half Roll x6","8964001188254","","90","","","",""
"Category 2","Whistlez Butter Ticky Pack x24","Whistlez Butter Ticky Pack x24","8964001188438","","120","","","",""
"Category 2","Candi Mini Snack Box","Candi Mini Snack Box","8961003575013","","119","","","",""
"Category 2","Cremo Strwbry Family Pack","Cremo Strwbry Family Pack","8964000938355","","28.21","","","",""
"Category 2","Whistlz Jolly Jam Orange Box","Whistlz Jolly Jam Orange Box","8964001188735","","120","","","",""
"Category 2","Inovative Choc Chip S/PK Box","Inovative Choc Chip S/PK Box","8965310043180","","109","","","",""
"Category 2","Inovative Peanut H/Rol Box","Inovative Peanut H/Rol Box","8965310043326","","81","","","",""
"Category 2","Innovative Zeera H/Roll Box","Innovative Zeera H/Roll Box","8965310043623","","81","","","",""
"Category 2","Goodies Lemon H/Roll Box","Goodies Lemon H/Roll Box","8965310043746","","81","","","",""
"Category 2","Click Bar Pack Box","Click Bar Pack Box","8964000683453","","108.96","","","",""
"Category 2","Cafe Biscuit T/PK x24","Cafe Biscuit T/PK x24","8964000938034","","119.04","","","",""
"Category 2","Inovative Digestive H/Rol x6","Inovative Digestive H/Rol x6","5786110512156","","81","","","",""
"Category 2","LU Milcolu Mini Snack x12","LU Milcolu Mini Snack x12","8961003504013","","115","","","",""
"Category 2","Whistlez Jly Jam Orng 33g x12","Whistlez Jly Jam Orng 33g x12","8964001188889","","120","","","",""
"Category 3","Cerelac Chaunsa 175g","Cerelac Chaunsa 175g","8961008209098","","195","","","",""
"Category 3","Fauji Honey Corn Flakes 250g","Fauji Honey Corn Flakes 250g","8964000064474","","217.95","","","",""
"Category 3","Faugi Choc corn pops 250g","Faugi Choc corn pops 250g","8964000064788","","229.95","","","",""
"Category 3","Fauji Rice Flakes","Fauji Rice Flakes","8964000064207","","192.31","","","",""
"Category 3","Cerelac Chaunsa 175g","Cerelac Chaunsa 175g","5053827165853","","709.4","","","",""
"Category 3","Fauji Corn flakes 150g","Fauji Corn flakes 150g","8964000064092","","93.16","","","",""
"Category 3","Fauji Choc Star 250g","Fauji Choc Star 250g","8964000064542","","247.01","","","",""
"Category 3","Fauji choc rings 250g","Fauji choc rings 250g","8964000064955","","239.46","","","",""
"Category 3","Nestle Corn flakes 150g","Nestle Corn flakes 150g","4800361002844","","192.31","","","",""
"Category 3","Nestle coco krunch 170g","Nestle coco krunch 170g","4800361002851","","277.78","","","",""
"Category 3","Nestle coco krunch 330g","Nestle coco krunch 330g","4800361000239","","405.98","","","",""
"Category 3","Nestle Milo Cereal 170g","Nestle Milo Cereal 170g","4800361002974","","277.78","","","",""
"Category 3","Fauji barley porridge 100g","Fauji barley porridge 100g","8964000064030","","90.43","","","",""
"Category 3","Fauji corn flakes mango 250g","Fauji corn flakes mango 250g","8964000064702","","187.18","","","",""
"Category 3","Cadbury perk 16.4g x24","Cadbury perk 16.4g x24","7622210867018","","15","","","",""
"Category 3","Astor wafer sticks 330g","Astor wafer sticks 330g","8886001038028","","381.45","","","",""
"Category 3","tapal green teabag jasm 30p","tapal green teabag jasm 30p","815096000342","","89.02","","","",""
"Category 3","lipton black teabag 50g","lipton black teabag 50g","8961014106282","","168.94","","","",""
"Category 3","danedar black tea leaf 95g","danedar black tea leaf 95g","815096000342","","84.47","","","",""
"Category 3","lipton black tea leaf 95g","lipton black tea leaf 95g","8961014106220","","93.02","","","",""
"Category 3","supreme black tea 95g","supreme black tea 95g","8961014003727","","84.47","","","",""
"Category 3","tapal green teabag strby 45g","tapal green teabag strby 45g","815096002148","","89.02","","","",""
"Category 3","vital tea leaves 385g","vital tea leaves 385g","8964000008072","","313.79","","","",""
"Category 3","vital green tea bag jasm 30p","vital green tea bag jasm 30p","8964000008829","","85.47","","","",""
"Category 3","vital green tea bag pln 30p","vital green tea bag pln 30p","8964000008805","","85.47","","","",""
"Category 3","supreme nat nare 95g","supreme nat nare 95g","8961014016727","","102.56","","","",""
"Category 3","horlicks choc bottle 200g","horlicks choc bottle 200g","8901571000203","","187.18","","","",""
"Category 3","milo pouch 300g","milo pouch 300g","4800361381246","","332.48","","","",""
"Category 3","nescafe instant coffee 50g","nescafe instant coffee 50g","9556001249128","","170.09","","","",""
"Category 3","","","815096001141","","","","","",""
"Category 4","Freshmate Daal Fry 275g","Freshmate Daal Fry 275g","895120001354","","0","","","",""
"Category 4","Chicken Kabab 250g","Chicken Kabab 250g","895120001088","","0","","","",""
"Category 4","Chicken TAndoori Boti 150g","Chicken TAndoori Boti 150g","895120001958","","0","","","",""
"Category 4","Kolson Spaghetti Fancy 500g","Kolson Spaghetti Fancy 500g","671866149761","","0","","","",""
"Category 4","Kolson ELBW MACRONI SML 400g","Kolson ELBW MACRONI SML 400g","671866149839","","0","","","",""
"Category 4","Crispo Macroni Twist 400g","Crispo Macroni Twist 400g","8964000070055","","0","","","",""
"Category 4","Kolson RDGD ELBW Macroni 400g","Kolson RDGD ELBW Macroni 400g","671866149921","","0","","","",""
"Category 4","Kolson Fajita Spaghetti 250g","Kolson Fajita Spaghetti 250g","671866149921","","0","","","",""
"Category 4","Reggia Toffee 500g","Reggia Toffee 500g","8008857300627","","0","","","",""
"Category 4","Knorr Cream of Chicken 50g","Knorr Cream of Chicken 50g","8961014004182","","0","","","",""
"Category 4","Knorr Tomato Cream S 75g","Knorr Tomato Cream S 75g","8961014189216","","0","","","",""
"Category 4","Kolson U-Shape Vermicli 150g","Kolson U-Shape Vermicli 150g","671866277457","","0","","","",""
"Category 4","Kolson Noodle Cup Chicken 50g","Kolson Noodle Cup Chicken 50g","67186627757","","0","","","",""
"Category 4","Mamee CHF Camy Tomyam 72g","Mamee CHF Camy Tomyam 72g","9555022303284","","0","","","",""
"Category 4","O'Real Fried Rice Mix 50g","O'Real Fried Rice Mix 50g","3004206283110","","0","","","",""
"Category 4","O'Real Chicken MNCHRIN 65g","O'Real Chicken MNCHRIN 65g","4258633120169","","0","","","",""
"Category 4","O'Real Chicken Cub FWOR 20g","O'Real Chicken Cub FWOR 20g","8461118314106","","0","","","",""
"Category 4","O'Real Pulao Cube Powder 20g","O'Real Pulao Cube Powder 20g","8461118314304","","0","","","",""
"Category 4","Rafhan Corn Flour 300g","Rafhan Corn Flour 300g","8961014016772","","0","","","",""
"Category 4","Rafhan Banana CSTRD 300g","Rafhan Banana CSTRD 300g","8961014015935","","0","","","",""
"Category 4","Rafhan Mango CSTRD 300g","Rafhan Mango CSTRD 300g","8961014015911","","0","","","",""
"Category 4","Rafhan Mango Jelly 80g","Rafhan Mango Jelly 80g","8961014008425","","0","","","",""
"Category 4","Rafhan Orange Jelly 80g","Rafhan Orange Jelly 80g","8961014008531","","0","","","",""
"Category 4","Rafhan Strawberry Jelly 80g","Rafhan Strawberry Jelly 80g","8961014008487","","0","","","",""
"Category 4","Laziza Kheer Mix STDRD 155g","Laziza Kheer Mix STDRD 155g","5028217000991","","0","","","",""
"Category 4","National Banana Jelly 80g","National Banana Jelly 80g","620514002637","","0","","","",""
"Category 4","National Strawberry CSTRD 300g","National Strawberry CSTRD 300g","620514004761","","0","","","",""
"Category 4","Mehran Sheer Khurma 155g","Mehran Sheer Khurma 155g","22231970","","0","","","",""
"Category 4","Rafhan Vanila Custrad 120g","Rafhan Vanila Custrad 120g","8961014008371","","0","","","",""
"Category 4","Rafhan Strwbry Custard 120g","Rafhan Strwbry Custard 120g","8961014008388","","0","","","",""
"Category 4","Lays Masala 168g","Lays Masala 168g","8964000090428","","0","","","",""
"Category 4","Lahori Mixture 100g","Lahori Mixture 100g","5060061732048","","0","","","",""
"Category 4","Nimko Mix 100g","Nimko Mix 100g","5060061732017","","0","","","",""
"Category 4","Nimko Shahi Mix 100g","Nimko Shahi Mix 100g","5060061732062","","0","","","",""
"Category 4","Chewra Mix 50g","Chewra Mix 50g","5060061732857","","0","","","",""
"Category 4","Khata Metha 50g","Khata Metha 50g","5060061733168","","0","","","",""
"Category 4","Kurleez French Cheese 61g","Kurleez French Cheese 61g","8964001072447","","0","","","",""
"Category 4","Oye Hoye Chips Tomato 29g","Oye Hoye Chips Tomato 29g","8961101340155","","0","","","",""
"Category 4","Oye Hoye Masala JMBO 45g","Oye Hoye Masala JMBO 45g","8961101340193","","0","","","",""
"Category 4","Oye Hoye Chips S&P 45g","Oye Hoye Chips S&P 45g","8961101340230","","0","","","",""
"Category 4","Oye Hoye Chips Masala 72g","Oye Hoye Chips Masala 72g","8961101340254","","0","","","",""
"Category 4","Oye Hoye Green Chaska 45g","Oye Hoye Green Chaska 45g","8961101340926","","0","","","",""
"Category 4","Slanty Salt 33g","Slanty Salt 33g","671866116664","","0","","","",""
"Category 4","Kurleez Snacks Lemon 24P","Kurleez Snacks Lemon 24P","8964001072461","","0","","","",""
"Category 4","Super Crisp BBQ 75g","Super Crisp BBQ 75g","8964000585252","","0","","","",""
"Category 4","Super Crisp Nimko Mix 81g","Super Crisp Nimko Mix 81g","8964000585313","","0","","","",""
"Category 4","Supr CRSP Catty Ching 61g","Supr CRSP Catty Ching 61g","8964000585283","","0","","","",""
"Category 4","","","671866150057","","0","","","",""
"Category 4","","","671866149952","","0","","","",""
"Category 5","Snslk Cndtnr ANTBRK 180ML","Snslk Cndtnr ANTBRK 180ML","8961014015669","","0","","","",""
"Category 5","Vatika Hair Oil Olive 100 ML","Vatika Hair Oil Olive 100 ML","6291069705324","","0","","","",""
"Category 5","Garnier C.N. 6","Garnier C.N. 6","3600540961495","","0","","","",""
"Category 5","Garnier C.N BRWNI Choco","Garnier C.N BRWNI Choco","3600541124066","","0","","","",""
"Category 5","Pntne Shmp Anti H.F 200 ML","Pntne Shmp Anti H.F 200 ML","5410076937530","","0","","","",""
"Category 5","Vatika H.Oil Cactus 100 ML","Vatika H.Oil Cactus 100 ML","6291069705355","","0","","","",""
"Category 5","H&S Shmp AHF 5ML X24","H&S Shmp AHF 5ML X24","5410076961535","","0","","","",""
"Category 5","H&S SHMP SLKY BLK 5ML X24","H&S SHMP SLKY BLK 5ML X24","5410076961757","","0","","","",""
"Category 5","Palmolive Shmp Anti H.F 180 ML","Palmolive Shmp Anti H.F 180 ML","8850006493755","","0","","","",""
"Category 5","Palmolive Shmp INT MST 180 ML","Palmolive Shmp INT MST 180 ML","8850006494738","","0","","","",""
"Category 5","Palmolive Shmp Brlnt Shine 180M","Palmolive Shmp Brlnt Shine 180M","8850006494769","","0","","","",""
"Category 5","Garnier C.N Drk BRN 5.132","Garnier C.N Drk BRN 5.132","3610340038945","","0","","","",""
"Category 5","Garnier C.N Med Brn 6.132","Garnier C.N Med Brn 6.132","3610340038969","","0","","","",""
"Category 5","Garnier C.N N.LGHTBRN 7.132","Garnier C.N N.LGHTBRN 7.132","3610340038976","","0","","","",""
"Category 5","Loreal Cndtnr Keratn Str 175 ML","Loreal Cndtnr Keratn Str 175 ML","3610340204494","","0","","","",""
"Category 5","Garnier 4.1 Frozen","Garnier 4.1 Frozen","3610340080081","","0","","","",""
"Category 5","Garnier 5.1 Frozen BRN","Garnier 5.1 Frozen BRN","3610340080128","","0","","","",""
"Category 5","English Antilice Shmp MED","English Antilice Shmp MED","8964000571033","","0","","","",""
"Category 5","Loreal Shmp Nutri GLOS 175 ML","Loreal Shmp Nutri GLOS 175 ML","3610340184475","","0","","","",""
"Category 5","Loreal Cndtnr CLR PRTCT 175 ML","Loreal Cndtnr CLR PRTCT 175 ML","3610340180385","","0","","","",""
"Category 5","Loreal Cndtnr Nutri Glos 175 ML","Loreal Cndtnr Nutri Glos 175 ML","3610340180408","","0","","","",""
"Category 5","Loreal Oil Cndtnr 6 175 ML","Loreal Oil Cndtnr 6 175 ML","3610340180415","","0","","","",""
"Category 5","Loreal Cndtnr TTR 5 175 ML","Loreal Cndtnr TTR 5 175 ML","3610340180422","","0","","","",""
"Category 5","Loreal Cndtnr FL/RP 175 ML","Loreal Cndtnr FL/RP 175 ML","36103401080439","","0","","","",""
"Category 5","Clear Shmp CMPLT 200ML","Clear Shmp CMPLT 200ML","8961014012743","","0","","","",""
"Category 5","Clinic Pls SHMP 175 ML","Clinic Pls SHMP 175 ML","8901030541872","","0","","","",""
"Category 5","H&S SHAMP SLK/BLK 80ML","H&S SHAMP SLK/BLK 80ML","8001090846662","","0","","","",""
"Category 5","H&S SHAMP C/CLEAN 80ML","H&S SHAMP C/CLEAN 80ML","8001090846600","","0","","","",""
"Category 5","Pantene Shamp S&S 80ML","Pantene Shamp S&S 80ML","8001090843401","","0","","","",""
"Category 5","Snslk Cndtnr Ref 180ML","Snslk Cndtnr Ref 180ML","8961014015676","","0","","","",""
"Category 5","H&S Anti H.F. 80 ML","H&S Anti H.F. 80 ML","8001090846631","","0","","","",""
"Category 5","Pantene Milky XT 80ML","Pantene Milky XT 80ML","8001090843401","","0","","","",""
"Category 5","Pantene Anti H.F 80ML","Pantene Anti H.F 80ML","8001090843371","","0","","","",""
"Category 5","C.N. 7.11 Deep Ashy Blonf","C.N. 7.11 Deep Ashy Blonf","3610340394386","","0","","","",""
"Category 5","C.N. 5.52 Light Mahogany","C.N. 5.52 Light Mahogany","3061375781274","","0","","","",""
"Category 5","C.N. 6.25 ChestNut BRN","C.N. 6.25 ChestNut BRN","3061376194547","","0","","","",""
"Category 5","Gatsby Wtr Glos SFT WHT 1500","Gatsby Wtr Glos SFT WHT 1500","4902806000313","","0","","","",""
"Category 5","Gatsby Wtr Glos HYPALS Red 150G","Gatsby Wtr Glos HYPALS Red 150G","4902806008944","","0","","","",""
"Category 5","Gatsby H.CRM NRML 125G","Gatsby H.CRM NRML 125G","4902806001518","","0","","","",""
"Category 5","Snslk Cndtnr S&S 180 ML","Snslk Cndtnr S&S 180 ML","8961014003970","","0","","","",""
"Category 5","Snslk Cndtnr HFS 180 ML","Snslk Cndtnr HFS 180 ML","8961014003987","","0","","","",""
"Category 5","Snslk Shmp AD 200 ML","Snslk Shmp AD 200 ML","8961014003147","","0","","","",""
"Category 5","Clear Shmp HFD 200 ML","Clear Shmp HFD 200 ML","8961014011340","","0","","","",""
"Category 5","Clear Shmp S&S 200 ML","Clear Shmp S&S 200 ML","8961014011319","","0","","","",""
"Category 5","Dove Conditioner H/Fall 180 ML","Dove Conditioner H/Fall 180 ML","8961014007404","","0","","","",""
"Category 5","Dove Conditioner S&S 180 ML","Dove Conditioner S&S 180 ML","8961014007213","","0","","","",""
"Category 5","Snslk Shmp Blk 90 ML","Snslk Shmp Blk 90 ML","8961014235791","","0","","","",""
"Category 5","Lifebuoy Shmp Hrbl 90 ML","Lifebuoy Shmp Hrbl 90 ML","8961014003277","","0","","","",""
"Category 5","Dove Shmp IR 175 ML","Dove Shmp IR 175 ML","8961014235135","","0","","","",""
"Category 5","Dove Shmp HF 175 ML","Dove Shmp HF 175 ML","8961014235173","","0","","","",""
"Category 5","Garnier C.N BLND 7","Garnier C.N BLND 7","3600530816108","","0","","","",""
"Category 5","Garnier C.N Mocca AA6.3","Garnier C.N Mocca AA6.3","3610340030321","","0","","","",""
"Category 5","Garnier C.N Int Red 6.66","Garnier C.N Int Red 6.66","3610340030376","","0","","","",""
"Category 5","Garnier C.N Ash Blnd 7.1","Garnier C.N Ash Blnd 7.1","3610340030420","","0","","","",""
"Category 5","Garnier C.N Hazel Blnd 7.3","Garnier C.N Hazel Blnd 7.3","3610340030475","","0","","","",""
"Category 5","Garnier C.N Lumins Blk 2","Garnier C.N Lumins Blk 2","3610340030222","","0","","","",""
"Category 5","Garnier C.N 5.15","Garnier C.N 5.15","3610340017926","","0","","","",""
"Category 5","Color Naturals D-Brown 3","Color Naturals D-Brown 3","8964000462249","","0","","","",""
"Category 5","Color Naturlas Brgndy Red 4.6","Color Naturlas Brgndy Red 4.6","8964000462270","","0","","","",""
"Category 5","Color Naturals Brown 4","Color Naturals Brown 4","8964000462263","","0","","","",""
"Category 5","Garnier C/Naturals Black 1","Garnier C/Naturals Black 1","8964000462232","","0","","","",""
"Category 5","GARN Clrnat Deep Red Brn 3.6","GARN Clrnat Deep Red Brn 3.6","8964000462256","","0","","","",""
"Category 5","Garnier C.N Cholt Brn 6.34","Garnier C.N Cholt Brn 6.34","8964000462300","","0","","","",""
"Category 5","Garnier C.N Pak Light Opal 5.25","Garnier C.N Pak Light Opal 5.25","3600541124110","","0","","","",""
"Category 5","Grbr Clr/Naturals G/Brown 4.3","Grbr Clr/Naturals G/Brown 4.3","3600541124868","","0","","","",""
"Category 5","Snslk Conditioner PS 180 ML","Snslk Conditioner PS 180 ML","8961014003994","","0","","","",""
"Category 5","Garnier C.N Drkshblnd 6.1","Garnier C.N Drkshblnd 6.1","3610340030529","","0","","","",""
"Category 5","Garnier C.N TF Brnblk FAA3.3","Garnier C.N TF Brnblk FAA3.3","3610340030277","","0","","","",""
"Category 5","Garnier C.N Light GB 5.3","Garnier C.N Light GB 5.3","8964000462294","","0","","","",""
"Category 5","Grnr Clr/Naturals L/Brown 5","Grnr Clr/Naturals L/Brown 5","8964000462287","","0","","","",""
"Category 5","Clear Shmp Icecol Mnth 200 ML","Clear Shmp Icecol Mnth 200 ML","8961014046328","","0","","","",""
"Category 5","C.N Pak 51/2 Crmy Coffee","C.N Pak 51/2 Crmy Coffee","3600541125209","","0","","","",""
"Category 5","Garnier C.N 4.7","Garnier C.N 4.7","3610340025464","","0","","","",""
"Category 5","Garnier C.N 6.7","Garnier C.N 6.7","3610340025501","","0","","","",""
"Category 5","Garnier C.N 7.7","Garnier C.N 7.7","3610340025549","","0","","","",""
"Category 5","","","8001090843432","","0","","","",""
"Category 5","","","6103403","","0","","","",""
"Category 5","","","3600540816108","","0","","","",""
"Category 5","","","3610340180439","","0","","","",""
"Category 6","Mechind Baby Wipes 56PC","Mechind Baby Wipes 56PC","8964000279878","","129.87","","","",""
"Category 6","Mechind Baby Wipes 80PC","Mechind Baby Wipes 80PC","8964000279861","","164.97","","","",""
"Category 6","Ponds Cold CRM","Ponds Cold CRM","8961014012453","","200","","","",""
"Category 6","Ponds F.W WHT BTY 100G","Ponds F.W WHT BTY 100G","8961014009576","","205","","","",""
"Category 6","Ponds D.C Foam CLR WHT 100G","Ponds D.C Foam CLR WHT 100G","8961014051957","","300","","","",""
"Category 6","F&L CRM Fairness 70ML","F&L CRM Fairness 70ML","8961014009880","","209","","","",""
"Category 6","F&L Cold Cream 70ML","F&L Cold Cream 70ML","8961014012538","","165","","","",""
"Category 6","Ponds CRM WHT BTY 50G","Ponds CRM WHT BTY 50G","8961014029758","","205","","","",""
"Category 6","Ponds CRM WHT BTY 25G","Ponds CRM WHT BTY 25G","8961014035919","","158","","","",""
"Category 6","F&L F.W MVIT 50G","F&L F.W MVIT 50G","8961014012507","","99.01","","","",""
"Category 6","F&L F.W MVIT 80G","F&L F.W MVIT 80G","8961014012514","","165.01","","","",""
"Category 6","Ponds F.W PMPLE CLR WHT","Ponds F.W PMPLE CLR WHT","8961014007619","","300","","","",""
"Category 6","Ponds F.W PMPLE CLR WHT 50G","Ponds F.W PMPLE CLR WHT 50G","8961014007626","","160","","","",""
"Category 6","F&L F/WASH Fotan Tube 50G","F&L F/WASH Fotan Tube 50G","8961014036015","","155","","","",""
"Category 6","FAIR&LOVELY BB CREAM 40G","FAIR&LOVELY BB CREAM 40G","8901030545429","","168.99","","","",""
"Category 6","FAIR&LOVELY BB CREAM 18G","FAIR&LOVELY BB CREAM 18G","8901030537912","","85","","","",""
"Category 6","F&L CRM FAIRNESS 50G","F&L CRM FAIRNESS 50G","8961014009873","","130","","","",""
"Category 6","F&L Cold CRM 25G","F&L Cold CRM 25G","8961014012521","","75","","","",""
"Category 6","GARNIER F.W LIGHT&RADNT 50ML","GARNIER F.W LIGHT&RADNT 50ML","8964001174400","","189","","","",""
"Category 6","GARNIER F.W LIGHT&RADNT 100ML","GARNIER F.W LIGHT&RADNT 100ML","8964001174417","","250","","","",""
"Category 6","GARNIER SCRUB L&R SKN NAT 100ML","GARNIER SCRUB L&R SKN NAT 100ML","8964001174448","","249","","","",""
"Category 6","JUNSUI F.W PIMPLE FIGHT 100G","JUNSUI F.W PIMPLE FIGHT 100G","8992222300148","","325","","","",""
"Category 6","JUNSUI F.W PAPAYA","JUNSUI F.W PAPAYA","8992222300179","","325","","","",""
"Category 6","JUNSUI F.W WAT COL","JUNSUI F.W WAT COL","8992222300162","","325","","","",""
"Category 6","JUNSUI F.W IDECL","JUNSUI F.W IDECL","8992222300360","","325","","","",""
"Category 6","JUNSUI F.W RADIANCE","JUNSUI F.W RADIANCE","8992222300377","","325","","","",""
"Category 6","GARNIER PURE ACT 3IN1 50ML","GARNIER PURE ACT 3IN1 50ML","361034022382","","199.01","","","",""
"Category 6","GARNIER PURE ACT 3IN1 100ML","GARNIER PURE ACT 3IN1 100ML","361034022399","","329","","","",""
"Category 6","EU F.W DAILY 100ML","EU F.W DAILY 100ML","8964000047354","","99.01","","","",""
"Category 6","EU F.W OIL CNTRL 100ML","EU F.W OIL CNTRL 100ML","8964000047361","","99.01","","","",""
"Category 6","EU F.W FAIRNESS 100ML","EU F.W FAIRNESS 100ML","8964000047378","","99.01","","","",""
"Category 6","HEMANI F.W ACNE 100ML","HEMANI F.W ACNE 100ML","5907747205901","","95","","","",""
"Category 6","HEMANI F.W ALO V 100ML","HEMANI F.W ALO V 100ML","5907747205871","","95","","","",""
"Category 6","HEMANI F.W MILK 100ML","HEMANI F.W MILK 100ML","5907747205895","","95","","","",""
"Category 6","HEMANI F.W CUCUMBER 100ML","HEMANI F.W CUCUMBER 100ML","5907747205888","","95","","","",""
"Category 6","F&L SKIN CARE HERBAL 70ML","F&L SKIN CARE HERBAL 70ML","8961014234954","","213.68","","","",""
"Category 6","F&L SKIN CARE HERBAL 25G","F&L SKIN CARE HERBAL 25G","8961014234957","","81.2","","","",""
"Category 6","F&L LOTION 200ML","F&L LOTION 200ML","8961014239782","","207","","","",""
"Category 6","GARNIER 3IN1 FW C.COAL 50ML","GARNIER 3IN1 FW C.COAL 50ML","3610340631337","","168.53","","","",""
"Category 6","GARNIER 3IN1 FW C.COAL 50ML","GARNIER 3IN1 FW C.COAL 50ML","3610340631276","","278.62","","","",""
"Category 6","VASELINE LTN A.C 400ML","VASELINE LTN A.C 400ML","8961014037067","","397.44","","","",""
"Category 6","PONDS LTN MBT 200ML","PONDS LTN MBT 200ML","8961014007657","","161.58","","","",""
"Category 6","VASELINE LOTION INT/FR 200ML","VASELINE LOTION INT/FR 200ML","8961014002843","","39.23","","","",""
"Category 6","VASELINE LOTION TTL-M 200ML","VASELINE LOTION TTL-M 200ML","8961014036992","","39.23","","","",""
"Category 6","VASELINE LOTION AL-FRSH 200ML","VASELINE LOTION AL-FRSH 200ML","8961014037050","","39.23","","","",""
"Category 6","VASELINE LOTION CO-BLAR 200ML","VASELINE LOTION CO-BLAR 200ML","8961014003383","","42.14","","","",""
"Category 6","GLAMOR DEO CLASSY 150ML","GLAMOR DEO CLASSY 150ML","7137571743364","","148.08","","","",""
"Category 6","GLAMOR DEO ELITE 150ML","GLAMOR DEO ELITE 150ML","7137571743384","","148.08","","","",""
"Category 6","GLAMOR DEO FLUNKY 150ML","GLAMOR DEO FLUNKY 150ML","7137571743394","","148.08","","","",""
"Category 6","DELITE H.SAN PLEASURE","DELITE H.SAN PLEASURE","653341110176","","83.99","","","",""
"Category 6","DELITE H.SAN APPLE","DELITE H.SAN APPLE","653341110473","","83.99","","","",""
"Category 6","DELITE H.SAN LMN","DELITE H.SAN LMN","653341110275","","83.99","","","",""
"Category 6","DELITE H.SAN CALM","DELITE H.SAN CALM","653341110374","","83.99","","","",""
"Category 6","DELITE H.SAN BERRY","DELITE H.SAN BERRY","653341109972","","83.99","","","",""
"Category 6","DELITE H.SAN APPLE","DELITE H.SAN APPLE","653341109774","","189","","","",""
"Category 6","DELITE H.SAN LMN","DELITE H.SAN LMN","653341109576","","189","","","",""
"Category 6","DELITE H.SAN CALM","DELITE H.SAN CALM","653341109477","","189","","","",""
"Category 6","DELITE H.SAN BERRY","DELITE H.SAN BERRY","653341109675","","189","","","",""
"Category 6","SHIELD T.B PRO CLN","SHIELD T.B PRO CLN","8964001492634","","100.02","","","",""
"Category 6","FAWARIS DEO SHEER 150ML","FAWARIS DEO SHEER 150ML","8696630132352","","168.99","","","",""
"Category 6","FAWARIS DEO MYSTIC 150ML","FAWARIS DEO MYSTIC 150ML","8696630132321","","337.98","","","",""
"Category 6","FAWARIS DEO PURE 150ML","FAWARIS DEO PURE 150ML","8696630132307","","168.99","","","",""
"Category 6","FAWARIS DEO WEST 150ML","FAWARIS DEO WEST 150ML","8696630132345","","168.99","","","",""
"Category 6","FAWARIS DEO LADY 150ML","FAWARIS DEO LADY 150ML","8696630132314","","168.99","","","",""
"Category 6","FAWARIS DEO MELODY 150ML","FAWARIS DEO MELODY 150ML","8696630132253","","168.99","","","",""
"Category 6","FAWARIS DEO TOUCH 150ML","FAWARIS DEO TOUCH 150ML","8696630132284","","168.99","","","",""
"Category 6","FAWARIS DEO LOVE 150ML","FAWARIS DEO LOVE 150ML","8696630132291","","168.99","","","",""
"Category 6","FAWARIS DEO EAST 150ML","FAWARIS DEO EAST 150ML","8696630132246","","168.99","","","",""
"Category 6","FAWARIS DEO LUXURY 150ML","FAWARIS DEO LUXURY 150ML","8696630132277","","168.99","","","",""
"Category 6","FAWARIS DEO AUTUMN 150ML","FAWARIS DEO AUTUMN 150ML","8696630132260","","168.99","","","",""
"Category 6","FAWARIS DEO JOYFUL 150ML","FAWARIS DEO JOYFUL 150ML","8696630132338","","168.99","","","",""
"Category 6","FAWARIS DEO BEUTI 150ML","FAWARIS DEO BEUTI 150ML","8696630137685","","185","","","",""
"Category 6","FAWARIS DEO CRAZI 150ML","FAWARIS DEO CRAZI 150ML","8696630137623","","158.12","","","",""
"Category 6","FAWARIS DEO ENCHA 150ML","FAWARIS DEO ENCHA 150ML","8696630137654","","158.12","","","",""
"Category 6","FAWARIS DEO FEAST 150ML","FAWARIS DEO FEAST 150ML","8696630137616","","158.12","","","",""
"Category 6","FAWARIS DEO MORNIG 150ML","FAWARIS DEO MORNIG 150ML","8696630137630","","158.12","","","",""
"Category 6","FAWARIS DEO MGIRLY 150ML","FAWARIS DEO MGIRLY 150ML","8696630137661","","158.12","","","",""
"Category 6","FAWARIS DEO PRETTY 150ML","FAWARIS DEO PRETTY 150ML","8696630137559","","158.12","","","",""
"Category 6","FAWARIS DEO SPOT 150ML","FAWARIS DEO SPOT 150ML","8696630137586","","158.12","","","",""
"Category 6","EVRSFT F.W APRCT 100G","EVRSFT F.W APRCT 100G","8888202002815","","43.76","","","",""
"Category 6","EVRSFT F.W AVCDO 120G","EVRSFT F.W AVCDO 120G","8888202002716","","43.76","","","",""
"Category 6","EVRSFT F.W CAMELLIA 120G","EVRSFT F.W CAMELLIA 120G","8888202045584","","43.76","","","",""
"Category 6","EVRSFT F.W GINGKO 120G","EVRSFT F.W GINGKO 120G","8888202005441","","43.76","","","",""
"Category 6","OLAY F.W ESSNTL 150ML","OLAY F.W ESSNTL 150ML","5011321374456","","366.32","","","",""
"Category 6","PONDS F.W ANTI ACNE 100ML","PONDS F.W ANTI ACNE 100ML","8999999034696","","309.34","","","",""
"Category 6","PONDS F.W POLLUTION 100ML","PONDS F.W POLLUTION 100ML","8999999041656","","309.34","","","",""
"Category 6","MECHICO SHMP 3IN1 200ML","MECHICO SHMP 3IN1 200ML","8964000279915","","159","","","",""
"Category 6","MECHIINO BABY SHMP 200ML","MECHIINO BABY SHMP 200ML","8964000279892","","164.97","","","",""
"Category 6","MECHINO BABY SHMP 500ML","MECHINO BABY SHMP 500ML","8964000279908","","374.99","","","",""
"Category 6","YRDLY LTN BLOSOM 200ML","YRDLY LTN BLOSOM 200ML","6297000669267","","259","","","",""
"Category 6","YRDLY LTN ROSE 200ML","YRDLY LTN ROSE 200ML","6297000442624","","259","","","",""
"Category 6","YRDLY LTN ROSE 200ML","YRDLY LTN ROSE 200ML","6297000442617","","259","","","",""
"Category 6","VASELINE JELLY COCOA 50ML","VASELINE JELLY COCOA 50ML","60018939","","95","","","",""
"Category 6","VASELINE JELLY ORG 50ML","VASELINE JELLY ORG 50ML","60014399","","95","","","",""
"Category 6","VASELINE VIT E 50ML","VASELINE VIT E 50ML","60014429","","95","","","",""
"Category 6","VASELINE JELLY COOLOING 100ML","VASELINE JELLY COOLOING 100ML","60022141","","179","","","",""
"Category 6","VASELINE JELLY COCOA 250ML","VASELINE JELLY COCOA 250ML","60001087005654","","299","","","",""
"Category 6","VASELINE JELLY FRESH 250ML","VASELINE JELLY FRESH 250ML","60001087010870","","379","","","",""
"Category 6","RIVAJ F.W MEN ACNOFIGHT 150ML","RIVAJ F.W MEN ACNOFIGHT 150ML","5060453454169","","310","","","",""
"Category 6","RIVAJ F.W MEN EXPERT 150ML","RIVAJ F.W MEN EXPERT 150ML","5060453454152","","310","","","",""
"Category 6","RIVAJ F.W MEN CHARCOAL 150ML","RIVAJ F.W MEN CHARCOAL 150ML","5060453454121","","219","","","",""
"Category 6","VASELINE MEN E.S 400ML","VASELINE MEN E.S 400ML","6001087012010","","219","","","",""
"Category 6","C&C ACNE CLRNG CLNSP 100G","C&C ACNE CLRNG CLNSP 100G","8991111112114","","350.01","","","",""
"Category 6","C&C FAIRNESS CLNSR 100G","C&C FAIRNESS CLNSR 100G","8991111112244","","350.01","","","",""
"Category 6","GARNIER SCURA WHT CLN 100ML","GARNIER SCURA WHT CLN 100ML","8992304047152","","334.99","","","",""
"Category 6","GARNIER MEN F/WASH A/F 100G","GARNIER MEN F/WASH A/F 100G","8964001174790","","349","","","",""
"Category 6","GARNIER F.W M ACNO FIGHT 50G","GARNIER F.W M ACNO FIGHT 50G","8964001174783","","199.01","","","",""
"Category 6","GARNIER F/WASH P/WHT DA 100G","GARNIER F/WASH P/WHT DA 100G","8964001174760","","549","","","",""
"Category 6","GARNIER F/WASH P/WHT DA 50G","GARNIER F/WASH P/WHT DA 50G","8964001174753","","349","","","",""
"Category 6","GATSBY F.W COLOR WHITNING 120G","GATSBY F.W COLOR WHITNING 120G","899222053716","","400","","","",""
"Category 6","GATSBY F.W PRFCT CLNSING 120G","GATSBY F.W PRFCT CLNSING 120G","899222053709","","400","","","",""
"Category 6","GATSBY F.W PWR RFRSH 120G","GATSBY F.W PWR RFRSH 120G","899222053730","","400","","","",""
"Category 6","SKINNAT F.W M 50ML","SKINNAT F.W M 50ML","8901526991174","","219","","","",""
"Category 6","SKINNAT F.W O.CLR M 100ML","SKINNAT F.W O.CLR M 100ML","8901526991150","","399.01","","","",""
"Category 6","GATSBY F.W OILCONAT 120G","GATSBY F.W OILCONAT 120G","8992222053693","","400","","","",""
"Category 6","","","3610340222382","","0","","","",""
"Category 6","","","8992222053716","","0","","","",""
"Category 6","","","7137571740394","","0","","","",""
"Category 6","","","6001087010870","","0","","","",""
"Category 6","","","8992222053709","","0","","","",""
"Category 6","","","3610340222399","","0","","","",""
"Category 6","","","7137571741384","","0","","","",""
"Category 6","","","8901526211760","","0","","","",""
"Category 6","","","8992222053730","","0","","","",""
"Category 6","","","8696630137579","","0","","","",""
"Category 6","","","8961014234961","","0","","","",""
"Category 6","","","8961014234947","","0","","","",""
"Category 6","","","5011321374546","","0","","","",""
"Category 6","","","6001087005654","","0","","","",""
"Category 6","","","8901526211753","","0","","","",""
"Category 7","PALMOLIVE SOAP GRN 75G X3","PALMOLIVE SOAP GRN 75G X3","8886950031118","","89.73","","","",""
"Category 7","PALMOLIVE SOAP WHT 75G X3","PALMOLIVE SOAP WHT 75G X3","8886950031101","","89.73","","","",""
"Category 7","PALMOLIVE SOAP PINK 75G X3","PALMOLIVE SOAP PINK 75G X3","8886950031125","","89.73","","","",""
"Category 7","DETTOL SOAP ORG 62G X3","DETTOL SOAP ORG 62G X3","8964000954270","","95.28","","","",""
"Category 7","DETTOL SOAP ORG 95G X3","DETTOL SOAP ORG 95G X3","6001106209261","","141.02","","","",""
"Category 7","DETTOL SOAP SKINCARE 95G X3","DETTOL SOAP SKINCARE 95G X3","6001106209285","","141.02","","","",""
"Category 7","SAFGRD SOAP WHT 70G X6","SAFGRD SOAP WHT 70G X6","5013965705069","","174.5","","","",""
"Category 7","SAFGRD SOAP LMN 70G X6","SAFGRD SOAP LMN 70G X6","5013965705038","","175.21","","","",""
"Category 7","LIFEBUOY H.W CARE 220ML","LIFEBUOY H.W CARE 220ML","8961014001112","","122.85","","","",""
"Category 7","LIFEBUOY H.W TTL 220ML","LIFEBUOY H.W TTL 220ML","8961014001105","","122.85","","","",""
"Category 7","DETTOL SOAP COOL 95G X3","DETTOL SOAP COOL 95G X3","6001106209308","","141.03","","","",""
"Category 7","DETTOL SOAP(C) 95G 2+1","DETTOL SOAP(C) 95G 2+1","6001106209599","","118.66","","","",""
"Category 7","DETTOL SOAP RENERGIZE 95G X3","DETTOL SOAP RENERGIZE 95G X3","6001106209551","","141.02","","","",""
"Category 7","LIFEBUOY H.W TTL RFL 200ML","LIFEBUOY H.W TTL RFL 200ML","8961014001082","","119.66","","","",""
"Category 7","LIFEBUOY H.W CARE RFL 200ML","LIFEBUOY H.W CARE RFL 200ML","8961014001211","","119.66","","","",""
"Category 7","LIFEBUOY T H.W REFILL 1L","LIFEBUOY T H.W REFILL 1L","8961014002348","","387.82","","","",""
"Category 7","LIFEBUOY H.W ACTFRESH 220ML","LIFEBUOY H.W ACTFRESH 220ML","8961014001099","","122.85","","","",""
"Category 7","PALMOLIVE SOAP BUNDLE 345G","PALMOLIVE SOAP BUNDLE 345G","8886950039039","","114.53","","","",""
"Category 7","PALMOLIVE SOAP ORG 155G","PALMOLIVE SOAP ORG 155G","8886950031606","","50.43","","","",""
"Category 7","PALMOLIVE SOAP WHT 155G","PALMOLIVE SOAP WHT 155G","8886950031323","","50.43","","","",""
"Category 7","PALMOLIVE SOAP PNK 155G","PALMOLIVE SOAP PNK 155G","8886950031583","","50.43","","","",""
"Category 7","PALMOLIVE SOAP GRN 155G","PALMOLIVE SOAP GRN 155G","8886950031576","","50.43","","","",""
"Category 7","DETTOL SOAP RENERGIZE 138G","DETTOL SOAP RENERGIZE 138G","6001106209612","","64.1","","","",""
"Category 7","DETTOL SOAP COOL 138G","DETTOL SOAP COOL 138G","6001106209506","","64.1","","","",""
"Category 7","DETTOL SOAP ORIGINAL 138G","DETTOL SOAP ORIGINAL 138G","6001106209520","","64.1","","","",""
"Category 7","DETTOL SOAP SKIN CARE 138G","DETTOL SOAP SKIN CARE 138G","6001106209513","","64.1","","","",""
"Category 7","DETTOL SOAP (O) 95G CP(S:25)","DETTOL SOAP (O) 95G CP(S:25)","6001106209575","","122.49","","","",""
"Category 7","PALMOLIVE SOAP SAVER PK 450G","PALMOLIVE SOAP SAVER PK 450G","8886950039138","","135.9","","","",""
"Category 7","LIFEBUOY H.W LOD SNITIZR 55ML","LIFEBUOY H.W LOD SNITIZR 55ML","8901030599217","","101.71","","","",""
"Category 7","PALMOLIVE SOAP FLAWLSS 115G","PALMOLIVE SOAP FLAWLSS 115G","8886950031484","","41.03","","","",""
"Category 7","DETTOL H.W W/PUMP ORG 150ML","DETTOL H.W W/PUMP ORG 150ML","6001106209094","","144.44","","","",""
"Category 7","DETTOL H.W W/PUMP SKINCARE 150M","DETTOL H.W W/PUMP SKINCARE 150M","6001106209100","","144.44","","","",""
"Category 7","DETTOL H/WASH ORG PUMP 250ML","DETTOL H/WASH ORG PUMP 250ML","6001106209070","","212.82","","","",""
"Category 7","DETTOL H/WASH SC PUMP 250ML","DETTOL H/WASH SC PUMP 250ML","6001106209087","","212.82","","","",""
"Category 7","DETTOL H.W POUCH ORG 150ML","DETTOL H.W POUCH ORG 150ML","6001106209117","","118.8","","","",""
"Category 7","DETTOL H.W PCH SKINCARE 150ML","DETTOL H.W PCH SKINCARE 150ML","6001106209124","","118.8","","","",""
"Category 7","SAFGRD H.W LQD PUREWHT 225ML","SAFGRD H.W LQD PUREWHT 225ML","4015400928157","","102.6","","","",""
"Category 7","SAFGRD LQD H.W LMNFRSH 225ML","SAFGRD LQD H.W LMNFRSH 225ML","4015400928249","","102.6","","","",""
"Category 7","DETTOL SOAP DEEP CLNS 138G","DETTOL SOAP DEEP CLNS 138G","8961101230555","","58.83","","","",""
"Category 7","DETTOL SOAP RENRGIZE SV R.25 95","DETTOL SOAP RENRGIZE SV R.25 95","6001106209667","","118.66","","","",""
"Category 7","SAFGRD LHS FLRLSCNT 225ML","SAFGRD LHS FLRLSCNT 225ML","4015400928218","","102.6","","","",""
"Category 7","SAFGRD WHT 110G","SAFGRD WHT 110G","8001090573001","","41.73","","","",""
"Category 7","SAFGRD WHT 145G","SAFGRD WHT 145G","8001090573162","","48.83","","","",""
"Category 7","SAFGRD LMN FRSH 145G","SAFGRD LMN FRSH 145G","8001090573490","","48.83","","","",""
"Category 7","SAFGRD FLRLSCNT 145G","SAFGRD FLRLSCNT 145G","8001090573773","","48.83","","","",""
"Category 7","SAFGRD LMN FRSH BNDL 145G","SAFGRD LMN FRSH BNDL 145G","8001090794109","","149.67","","","",""
"Category 7","SAFGRD FLRLSCNT BNDL 145G","SAFGRD FLRLSCNT BNDL 145G","8001090794130","","149.67","","","",""
"Category 7","SVNAH SOAP LNDNPASS 150G","SVNAH SOAP LNDNPASS 150G","6291003250101","","47.01","","","",""
"Category 7","SVNAH SOAP PARISRMNC 115G","SVNAH SOAP PARISRMNC 115G","6291003253591","","42.32","","","",""
"Category 7","SVNAH SOAP ARBIANBLIS 115G","SVNAH SOAP ARBIANBLIS 115G","6291003253584","","42.32","","","",""
"Category 7","SVNAH SOAP PARISRMNC 75G","SVNAH SOAP PARISRMNC 75G","6291003253539","","29.77","","","",""
"Category 7","SVNAH SOAP LNDNPASS 75G","SVNAH SOAP LNDNPASS 75G","6291003253526","","29.77","","","",""
"Category 7","LUX VLVT TCH 70G","LUX VLVT TCH 70G","8961014015287","","33.19","","","",""
"Category 7","LIFEBUOY WHT 72G","LIFEBUOY WHT 72G","8961014007718","","25.64","","","",""
"Category 7","LIFEBUOY RED 72G","LIFEBUOY RED 72G","8961014234633","","25.64","","","",""
"Category 7","LIFEBUOY GRN 72G","LIFEBUOY GRN 72G","8961014234657","","20.64","","","",""
"Category 7","LUX VLVT TCH 110G","LUX VLVT TCH 110G","8961014015294","","41.3","","","",""
"Category 7","LUX VLVT TCH TRIO 110G","LUX VLVT TCH TRIO 110G","8961014015379","","116.34","","","",""
"Category 7","LIFEBUOY WHT 112G","LIFEBUOY WHT 112G","8961014234671","","33.19","","","",""
"Category 7","LIFEBUOY RED 112G","LIFEBUOY RED 112G","8961014234664","","33.19","","","",""
"Category 7","LIFEBUOY GRN 112G","LIFEBUOY GRN 112G","8961014234688","","33.19","","","",""
"Category 7","LIFEBUOY LMNFRSH SHR 112G","LIFEBUOY LMNFRSH SHR 112G","8961014013214","","91.56","","","",""
"Category 7","LIFEBUOY RED TRIO 112G","LIFEBUOY RED TRIO 112G","8961014234855","","92.56","","","",""
"Category 7","LIFEBUOY WHT TRIO 112G","LIFEBUOY WHT TRIO 112G","8961014007848","","90.56","","","",""
"Category 7","LIFEBUOY LMNFRSH TRIO 112G","LIFEBUOY LMNFRSH TRIO 112G","8961014234893","","84.56","","","",""
"Category 7","LUX VLVT TCH TRIO 145G","LUX VLVT TCH TRIO 145G","8961014015286","","137.72","","","",""
"Category 7","LUX SFT TCH TRIO 145G","LUX SFT TCH TRIO 145G","8961014015393","","137.72","","","",""
"Category 7","LIFEBUOY LMNFRSH 146G","LIFEBUOY LMNFRSH 146G","8961014234732","","37.73","","","",""
"Category 7","LIFEBUOY GRN 146G","LIFEBUOY GRN 146G","8961014234725","","37.73","","","",""
"Category 7","LIFEBUOY WHT 146G","LIFEBUOY WHT 146G","8961014013078","","37.73","","","",""
"Category 7","LUX VLVT TCH 145G","LUX VLVT TCH 145G","8961014015300","","49.85","","","",""
"Category 7","LUX SFT TCH 145G","LUX SFT TCH 145G","8961014015324","","49.85","","","",""
"Category 7","LUX PURPLE LOTUS 145G","LUX PURPLE LOTUS 145G","8961014015348","","49.85","","","",""
"Category 7","LUX FRSH SPLASH 145G","LUX FRSH SPLASH 145G","8961014015362","","49.85","","","",""
"Category 7","SAFGRD HNY 145G","SAFGRD HNY 145G","8001090574053","","47.83","","","",""
"Category 7","SAFGRD HNY ENDL 145G","SAFGRD HNY ENDL 145G","8001090794161","","166.67","","","",""
"Category 7","LIFEBUOY H.W LQD TTL 1L","LIFEBUOY H.W LQD TTL 1L","8961014003567","","387.82","","","",""
"Category 7","LIFEBUOY H.W LQD ACTFRSH 1L","LIFEBUOY H.W LQD ACTFRSH 1L","8961014003574","","387.82","","","",""
"Category 7","LUX PURPLE LOTUS 110G","LUX PURPLE LOTUS 110G","8961014015331","","40.3","","","",""
"Category 7","SAFGRD H.W LQD PW 450ML","SAFGRD H.W LQD PW 450ML","8001090738448","","170.1","","","",""
"Category 7","SAFGRD H.W LQD FS 450ML","SAFGRD H.W LQD FS 450ML","8001090738479","","170.1","","","",""
"Category 7","SAFGRD H.W LQD LF 450ML","SAFGRD H.W LQD LF 450ML","8001090738509","","170.1","","","",""
"Category 7","SAFGRD H.W PW 420ML","SAFGRD H.W PW 420ML","8001090738530","","128.2","","","",""
"Category 7","LIFEBUOY RED 146G X3","LIFEBUOY RED 146G X3","8961014234480","","24.53","","","",""
"Category 7","LIFEBUOY WHITE 146G X3","LIFEBUOY WHITE 146G X3","8961014234459","","38.18","","","",""
"Category 7","SAFEGUARD SOAP L&F 100G","SAFEGUARD SOAP L&F 100G","8001090876591","","47.01","","","",""
"Category 7","SAFEGUARD SOAP FLR 100G","SAFEGUARD SOAP FLR 100G","8001090876713","","40.01","","","",""
"Category 7","SAFEGUARD SOAP WHT 100G X3","SAFEGUARD SOAP WHT 100G X3","8001090882080","","124.48","","","",""
"Category 7","SAFEGUARD SOAP HNY 100G","SAFEGUARD SOAP HNY 100G","8001090573964","","47.01","","","",""
"Category 7","SAFEGUARD SOAP HNY 100G X3","SAFEGUARD SOAP HNY 100G X3","8001090882059","","132.48","","","",""
"Category 7","SAFEGUARD SOAP LFR 110G X3","SAFEGUARD SOAP LFR 110G X3","8001090882110","","124.48","","","",""
"Category 7","SAFEGUARD SOAP FLR 110G X3","SAFEGUARD SOAP FLR 110G X3","8001090882141","","124.48","","","",""
"Category 7","DETTOL SOAP ORG 138GX4 S:50","DETTOL SOAP ORG 138GX4 S:50","8961101230937","","152.67","","","",""
"Category 7","DETTOL SOAP COOL 138GX4 S:50","DETTOL SOAP COOL 138GX4 S:50","8961101230951","","152.67","","","",""
"Category 7","DETTOL SOAP SKINCARE 138GX4 S:","DETTOL SOAP SKINCARE 138GX4 S:","8961101230944","","152.67","","","",""
"Category 7","DETTOL SOAP REENRGISE 138GX4 S:","DETTOL SOAP REENRGISE 138GX4 S:","8961101231071","","152.67","","","",""
"Category 7","DETTOL SOAP DEEPCLNS 138GX4 S:","DETTOL SOAP DEEPCLNS 138GX4 S:","8961101231088","","172.67","","","",""
"Category 7","DETTOL H.W LQD REFRESH 250ML","DETTOL H.W LQD REFRESH 250ML","9300631016656","","226.49","","","",""
"Category 7","DETTOL H.W LQD VAN&ORCHID 250ML","DETTOL H.W LQD VAN&ORCHID 250ML","9300701856519","","226.49","","","",""
"Category 7","LIFEBUOY SOAP ITTAR 112G","LIFEBUOY SOAP ITTAR 112G","8961014234497","","38.46","","","",""
"Category 7","","","6291003253546","","0","","","",""
"Category 7","","","6001106115081","","0","","","",""
"Category 7","","","8961014015386","","0","","","",""
"Category 8","COLGATE T.P ADH TTL 75G","COLGATE T.P ADH TTL 75G","8886950057057","","71.65","","","",""
"Category 8","COLGATE T.P GRF 27G","COLGATE T.P GRF 27G","8886950051260","","16.09","","","",""
"Category 8","COLGATE T.PASTE GRF 150G","COLGATE T.PASTE GRF 150G","88869500551048","","94.66","","","",""
"Category 8","SHIELD T.B ANGULARB/P","SHIELD T.B ANGULARB/P","8964001492733","","17.09","","","",""
"Category 8","SHIELD T.B NEW CLARITY","SHIELD T.B NEW CLARITY","8964001492627","","68.38","","","",""
"Category 8","SHIELD T.B FLE XADULT","SHIELD T.B FLE XADULT","8964001492627","","38.46","","","",""
"Category 8","SHIELD T.B ANTIBAC","SHIELD T.B ANTIBAC","8964001492696","","55.56","","","",""
"Category 8","COLGATE T.B C.CLN S","COLGATE T.B C.CLN S","8886950092096","","30.4","","","",""
"Category 8","COLGATE T.B ZIG ZAG SML","COLGATE T.B ZIG ZAG SML","8886950093192","","43.43","","","",""
"Category 8","SMOKERS T.P ACTIVE 100ML","SMOKERS T.P ACTIVE 100ML","5012251012010","","200.85","","","",""
"Category 8","COLGATE T.P HRB 27G","COLGATE T.P HRB 27G","8886950052106","","102.54","","","",""
"Category 8","COLGATE T.P HRB REG 150G","COLGATE T.P HRB REG 150G","8886950052045","","119.66","","","",""
"Category 8","COLGATE ADULT T.B 360 DEG MED","COLGATE ADULT T.B 360 DEG MED","4892368320847","","98.29","","","",""
"Category 8","COLGATE SPARKLE T.P 28G X3","COLGATE SPARKLE T.P 28G X3","8886950066523","","38.46","","","",""
"Category 8","SPARKLE T.P STRNG 200G","SPARKLE T.P STRNG 200G","8886950066479","","68.38","","","",""
"Category 8","COLGATE SENS REG 150G","COLGATE SENS REG 150G","8886950055039","","158.59","","","",""
"Category 8","COLGATE SENS PRO 100G","COLGATE SENS PRO 100G","8886950055275","","188.03","","","",""
"Category 8","COLGATE T.P SENS 50G","COLGATE T.P SENS 50G","8886950055046","","66.78","","","",""
"Category 8","COLGATE T.P MAXFRESH RED 75G","COLGATE T.P MAXFRESH RED 75G","8886950056036","","69.92","","","",""
"Category 8","SENSODYNE T.P MAXFRESH RED 75G","SENSODYNE T.P MAXFRESH RED 75G","6805699953675","","363.25","","","",""
"Category 8","SENSODYNE T.B MULTI SOFT","SENSODYNE T.B MULTI SOFT","9200475782871","","102.56","","","",""
"Category 8","SENSODYN T/PASTE ORGNL 50G","SENSODYN T/PASTE ORGNL 50G","9200475760503","","109.11","","","",""
"Category 8","SENSODYNE T/PASTE ORGNL 100G","SENSODYNE T/PASTE ORGNL 100G","9200475761005","","188.03","","","",""
"Category 8","SENSODYN T/PASTE FLURIDE 70G","SENSODYN T/PASTE FLURIDE 70G","9200475730704","","126.75","","","",""
"Category 8","SENSODYNE T/PASTE FLORD 100G","SENSODYNE T/PASTE FLORD 100G","9200475780709","","173.76","","","",""
"Category 8","SENSODYNE T/PASTE M/CRE 70G","SENSODYNE T/PASTE M/CRE 70G","9200475780709","","145.3","","","",""
"Category 8","SENSODYNE T/PASTE MCR 100G","SENSODYNE T/PASTE MCR 100G","9200475781003","","200.85","","","",""
"Category 8","SENSODYNE T.P MULTICARE 30G","SENSODYNE T.P MULTICARE 30G","9200475780303","","62.1","","","",""
"Category 8","COLGATE T.P MAXFRSH BLU 75G","COLGATE T.P MAXFRSH BLU 75G","8886950056012","","76.92","","","",""
"Category 8","SPARKLE T.P BRSHPCK 70G","SPARKLE T.P BRSHPCK 70G","8886950066455","","35.74","","","",""
"Category 8","COLGATE T.P MAXFRSH GRN 75G","COLGATE T.P MAXFRSH GRN 75G","8886950056050","","76.92","","","",""
"Category 8","COLGATE T.P GRF 75G","COLGATE T.P GRF 75G","8886950051024","","68.38","","","",""
"Category 8","COLGATE T.P HRB REG 45G","COLGATE T.P HRB REG 45G","8886950052120","","28.92","","","",""
"Category 8","COLGATE T.P MISWAK 100G","COLGATE T.P MISWAK 100G","8886950054025","","85.47","","","",""
"Category 8","DABUR T/PASTE RED 200GM","DABUR T/PASTE RED 200GM","8901207000324","","170.94","","","",""
"Category 8","PARDONTAX T.P ORG 100G","PARDONTAX T.P ORG 100G","9200475776108","","147.85","","","",""
"Category 8","MYBRUSH T.B EDGE SFT","MYBRUSH T.B EDGE SFT","8964001221029","","64.1","","","",""
"Category 8","MYBRUSH T.B FIX SFT","MYBRUSH T.B FIX SFT","8964001221043","","55.56","","","",""
"Category 8","ENGLISH T.P REGINT","ENGLISH T.P REGINT","8964000572559","","68.38","","","",""
"Category 8","ENGLISH T.P ANTIBAC","ENGLISH T.P ANTIBAC","8964000570142","","85.47","","","",""
"Category 8","ENGLISH T.P HERBAL","ENGLISH T.P HERBAL","8964000570128","","85.47","","","",""
"Category 8","ENGLISH T.P CAVITY PROT","ENGLISH T.P CAVITY PROT","8964000570159","","85.47","","","",""
"Category 8","COLGATE ADULT T.B NAVI PLUS","COLGATE ADULT T.B NAVI PLUS","8850006330593","","72.65","","","",""
"Category 8","COLGATE T/BRUSH ADLT EX/CLN","COLGATE T/BRUSH ADLT EX/CLN","8886950092119","","38.46","","","",""
"Category 8","COLGATE T/BRUSH ADLT TWS/MED","COLGATE T/BRUSH ADLT TWS/MED","8850006265178","","64.1","","","",""
"Category 8","COLGATE T.B KIDS 2D JUNIOR","COLGATE T.B KIDS 2D JUNIOR","4808888200033","","38.46","","","",""
"Category 8","COLGATE T.P BRSH PK 300G","COLGATE T.P BRSH PK 300G","8886950050218","","235.04","","","",""
"Category 8","SPARKLE T.P STRNG 130G","SPARKLE T.P STRNG 130G","8886950066486","","51.28","","","",""
"Category 8","COLGATE T.B SLIM SOFT S","COLGATE T.B SLIM SOFT S","8850006331682","","94.02","","","",""
"Category 8","","","5013965953354","","0","","","",""
"Category 8","","","8964001492641","","0","","","",""
"Category 8","","","8886950051048","","0","","","",""
"Category 8","","","9200475731008","","0","","","",""
